epoch,time,train/box_loss,train/cls_loss,train/dfl_loss,precision,recall,mAP@0.5,mAP@0.5-0.95,val/box_loss,val/cls_loss,val/dfl_loss,lr/pg0,lr/pg1,lr/pg2,train_loss,val_loss
1,127.589,3.45482,31.48,4.2505,0.00027,0.12963,0.00032,9e-05,3.40734,30.1709,4.14661,0.00329412,0.00329412,0.00329412,63.7669,230.4333012
2,235.92,3.52851,30.1733,4.26279,0.00063,0.24306,0.04063,0.00886,3.56303,28.4853,4.31362,0.00662727,0.00662727,0.00662727,63.03131,217.9633109
3,393.842,3.53537,25.5683,4.13533,0.00193,0.00637,0.05161,0.00642,4.93891,27.3674,14.3525,0.0099597,0.0099597,0.0099597,58.28657,219.6229396
4,566.444,3.12167,19.7574,3.59299,0.40238,0.05958,0.07891,0.03605,2.91558,31.3343,3.71947,0.00999756,0.00999756,0.00999756,48.55941,238.7417163
5,690.911,2.72979,16.1689,3.06316,0.22656,0.2024,0.11119,0.05342,3.09254,18.9803,3.15261,0.00999566,0.00999566,0.00999566,41.237065,145.5198535
6,796.14,2.41827,13.6001,2.72281,0.59402,0.22461,0.22813,0.1663,2.84304,18.42,2.77736,0.00999322,0.00999322,0.00999322,35.82134,140.9423498
7,901.941,2.26193,12.2066,2.49419,0.58409,0.24327,0.23998,0.17602,2.43928,16.0105,2.4464,0.00999023,0.00999023,0.00999023,32.91236,122.5401353
8,1049.6,2.10023,11.6032,2.31738,0.73908,0.10276,0.23204,0.16322,2.44468,15.315,2.37698,0.00998671,0.00998671,0.00998671,30.830995,117.2544601
9,1176.21,2.01495,11.0076,2.19083,0.60779,0.22753,0.27056,0.20574,2.35672,12.6811,2.18776,0.00998264,0.00998264,0.00998264,29.40597,97.31098396
10,1374.84,1.92697,10.3146,2.07926,0.35469,0.238,0.2485,0.18007,2.44952,14.4479,2.24726,0.00997803,0.00997803,0.00997803,27.885765,110.621477
11,1532.4,1.84732,9.74607,1.99073,0.22104,0.28309,0.27215,0.2029,2.1121,11.9933,2.07038,0.00997288,0.00997288,0.00997288,26.587065,92.03508932
12,1638.62,1.84111,9.6658,1.94938,0.37602,0.36278,0.31199,0.21661,2.16987,12.7569,1.96475,0.0099672,0.0099672,0.0099672,26.398195,97.6564508
13,1742.96,1.77432,9.22544,1.89945,0.98478,0.22748,0.26408,0.20573,2.36731,13.4622,2.19928,0.00996097,0.00996097,0.00996097,25.382015,103.1807215
14,1848.57,1.76668,8.92344,1.84101,0.46668,0.34323,0.31694,0.22208,2.06129,10.207,1.86742,0.0099542,0.0099542,0.0099542,24.935055,78.4348513
15,1955.71,1.72847,8.86953,1.8258,0.66209,0.28164,0.28778,0.19557,2.39916,10.1631,2.24549,0.0099469,0.0099469,0.0099469,24.571755,78.48366035
16,2059.3,1.70326,8.59695,1.78693,0.77744,0.3561,0.37611,0.23831,1.92301,8.45441,1.8914,0.00993906,0.00993906,0.00993906,24.051795,65.31438359
17,2163.98,1.64249,8.21378,1.7331,0.50776,0.368,0.3452,0.22676,2.12546,8.42346,1.92662,0.00993068,0.00993068,0.00993068,23.132105,65.11746602
18,2294.08,1.69044,8.59472,1.74269,0.58079,0.30124,0.30925,0.20497,2.20242,11.6479,2.0455,0.00992177,0.00992177,0.00992177,23.887055,89.41963266
19,2440.77,1.62751,8.11973,1.69212,0.50405,0.39056,0.35799,0.22659,2.12884,9.31569,2.015,0.00991232,0.00991232,0.00991232,22.864235,71.89754348
20,2546.19,1.62606,8.22129,1.68723,0.5057,0.367,0.39503,0.23796,2.0277,8.68627,2.00529,0.00990234,0.00990234,0.00990234,22.947585,67.16716851
21,2653.18,1.6218,8.21739,1.68237,0.75789,0.30452,0.3532,0.21175,2.11084,10.1865,2.00995,0.00989183,0.00989183,0.00989183,22.904445,78.42353775
22,2759.72,1.55543,7.85834,1.64162,0.57084,0.41371,0.45157,0.27042,1.86416,8.00309,1.73059,0.00988079,0.00988079,0.00988079,21.986495,61.76858619
23,2863.81,1.5567,7.69645,1.62303,0.99601,0.22772,0.30703,0.21995,2.06744,16.813,1.94197,0.00986922,0.00986922,0.00986922,21.806245,128.0542738
24,2968.51,1.53571,7.74174,1.61768,0.5105,0.37418,0.34974,0.22233,2.24528,11.8697,2.07775,0.00985711,0.00985711,0.00985711,21.686085,91.11528567
25,3072.3,1.52674,7.54334,1.59122,0.52933,0.54586,0.47682,0.26973,1.80248,7.63028,1.76687,0.00984449,0.00984449,0.00984449,21.38072,59.00873674
26,3176.6,1.53205,7.54539,1.60106,0.70298,0.46666,0.48682,0.25893,1.96279,8.14734,2.02099,0.00983133,0.00983133,0.00983133,21.437355,63.140787
27,3282.17,1.47681,7.44416,1.55709,0.44295,0.41525,0.43056,0.25381,2.0038,8.32751,1.73966,0.00981765,0.00981765,0.00981765,20.85587,64.21071148
28,3386.49,1.51383,7.45223,1.56639,0.6882,0.34318,0.37662,0.24368,1.86403,10.494,1.77816,0.00980345,0.00980345,0.00980345,21.15554,80.49786518
29,3489.29,1.46537,7.04899,1.52692,0.61999,0.44724,0.44594,0.24783,1.95301,8.46817,1.89107,0.00978873,0.00978873,0.00978873,20.329645,65.4170281
30,3592.82,1.4835,7.26646,1.53257,0.53179,0.48332,0.45922,0.25885,1.94058,8.17929,1.73168,0.00977349,0.00977349,0.00977349,20.691565,63.09101524
31,3698.79,1.4859,7.26667,1.55518,0.57856,0.39768,0.43879,0.26539,1.82272,8.35012,1.72644,0.00975773,0.00975773,0.00975773,20.74369,64.3669766
32,3803.13,1.45763,7.11213,1.52748,0.46068,0.48595,0.48158,0.28525,1.83794,7.79519,1.75112,0.00974145,0.00974145,0.00974145,20.335575,60.22965718
33,3907.82,1.43297,6.90401,1.5107,0.66915,0.43165,0.38508,0.24213,1.91943,10.2834,1.80615,0.00972466,0.00972466,0.00972466,19.917335,78.94623699
34,4012.25,1.41901,6.96092,1.51354,0.65601,0.54156,0.53821,0.3071,1.6753,7.48454,1.6308,0.00970736,0.00970736,0.00970736,19.873805,57.77941104
35,4118.56,1.41094,6.79968,1.49702,0.45421,0.48595,0.46922,0.27697,1.90026,7.38288,1.78333,0.00968955,0.00968955,0.00968955,19.62726,57.16946433
36,4224.56,1.41559,7.00135,1.4888,0.55055,0.47063,0.47345,0.29038,1.69864,7.67319,1.602,0.00967122,0.00967122,0.00967122,19.851475,59.16543183
37,4329.3,1.39076,6.82336,1.47454,0.61549,0.50098,0.53291,0.32535,1.52332,6.65825,1.44826,0.00965239,0.00965239,0.00965239,19.46587,51.39961359
38,4433.29,1.39407,6.73547,1.4799,0.54353,0.58028,0.55506,0.31742,1.68509,7.07407,1.61658,0.00963306,0.00963306,0.00963306,19.410845,54.68655459
39,4538.29,1.38027,6.69169,1.45996,0.49034,0.55912,0.51823,0.29989,1.78776,7.16047,1.62521,0.00961322,0.00961322,0.00961322,19.233655,55.34315483
40,4643.94,1.37621,6.64667,1.45385,0.51331,0.51681,0.50971,0.29877,1.80544,7.20412,1.61706,0.00959289,0.00959289,0.00959289,19.14902,55.66234934
41,4748.48,1.37881,6.59403,1.44949,0.50847,0.54679,0.53196,0.31584,1.61461,6.39187,1.49145,0.00957205,0.00957205,0.00957205,19.10934,49.44483308
42,4853.25,1.36591,6.62495,1.45377,0.69403,0.5803,0.58239,0.30541,1.69658,6.77942,1.5848,0.00955072,0.00955072,0.00955072,19.04993,52.44477608
43,4956.84,1.39483,6.73549,1.46092,0.6139,0.57174,0.52645,0.29282,1.82881,7.14102,1.6216,0.00952889,0.00952889,0.00952889,19.388095,55.19354334
44,5061.61,1.34825,6.51408,1.44628,0.68342,0.5757,0.59027,0.34268,1.58698,6.4936,1.59086,0.00950658,0.00950658,0.00950658,18.795375,50.30711987
45,5168.19,1.3452,6.4802,1.43827,0.66022,0.60949,0.59795,0.35805,1.49175,6.48399,1.44344,0.00948377,0.00948377,0.00948377,18.726605,50.08759066
46,5272.27,1.35321,6.50512,1.44128,0.66393,0.46395,0.51926,0.29931,1.72908,9.01428,1.67347,0.00946048,0.00946048,0.00946048,18.816115,69.29476072
47,5375.92,1.35064,6.4854,1.42227,0.58324,0.58372,0.58279,0.34685,1.57365,6.66771,1.48388,0.00943671,0.00943671,0.00943671,18.748605,51.50586007
48,5480.67,1.31813,6.33638,1.41979,0.52119,0.62711,0.5677,0.33986,1.54164,6.66521,1.44965,0.00941245,0.00941245,0.00941245,18.35204,51.45284368
49,5586.93,1.33116,6.30063,1.40201,0.65282,0.5483,0.56971,0.34031,1.61566,6.65766,1.48053,0.00938772,0.00938772,0.00938772,18.387345,51.42706158
50,5691.82,1.32783,6.34962,1.41698,0.54612,0.58807,0.55593,0.32355,1.66842,6.74463,1.56643,0.00936251,0.00936251,0.00936251,18.433815,52.16519877
51,5797.02,1.3023,6.26758,1.40342,0.50108,0.58384,0.57819,0.34058,1.55781,6.1607,1.42492,0.00933683,0.00933683,0.00933683,18.13996,47.64417525
52,5900.71,1.29362,6.18112,1.40775,0.56122,0.547,0.55259,0.346,1.56399,6.51267,1.44446,0.00931067,0.00931067,0.00931067,17.994895,50.30345101
53,6005.39,1.32328,6.25184,1.40106,0.70816,0.61921,0.62716,0.36674,1.45514,6.05564,1.38624,0.00928405,0.00928405,0.00928405,18.27803,46.81746608
54,6111.92,1.30499,6.1557,1.39135,0.58026,0.5757,0.60083,0.35373,1.50943,6.09989,1.41865,0.00925697,0.00925697,0.00925697,18.03015,47.18171046
55,6215.97,1.29666,6.13878,1.38401,0.72566,0.6044,0.6083,0.36029,1.4725,5.94266,1.39654,0.00922942,0.00922942,0.00922942,17.939745,45.98033413
56,6335.9,1.29936,6.18515,1.39591,0.71497,0.63447,0.64475,0.36854,1.50737,6.51712,1.42353,0.00920142,0.00920142,0.00920142,18.024215,50.31573213
57,6442.13,1.3218,6.25313,1.39352,0.6138,0.64999,0.6131,0.34737,1.64489,6.33204,1.50586,0.00917296,0.00917296,0.00917296,18.25691,49.00991944
58,6547.03,1.27991,6.08265,1.38951,0.56508,0.6624,0.60781,0.35313,1.54004,5.97639,1.44444,0.00914405,0.00914405,0.00914405,17.76624,46.28108108
59,6653.93,1.28474,6.0967,1.38951,0.59999,0.65322,0.62809,0.38134,1.46613,5.85982,1.38296,0.00911469,0.00911469,0.00911469,17.816515,45.34528204
60,6768.96,1.2782,6.1024,1.38162,0.59413,0.6089,0.59776,0.34688,1.56764,6.19727,1.41256,0.00908488,0.00908488,0.00908488,17.76133,47.90571232
61,6877.7,1.25828,5.92463,1.34956,0.65777,0.65552,0.68573,0.39368,1.44402,5.99049,1.33731,0.00905463,0.00905463,0.00905463,17.38607,46.27956695
62,6986.82,1.28243,6.03667,1.38508,0.75501,0.63962,0.65577,0.39246,1.45915,5.88771,1.36084,0.00902395,0.00902395,0.00902395,17.732515,45.53220093
63,7095.56,1.28636,6.00271,1.37914,0.57217,0.65495,0.67051,0.39821,1.41893,6.20746,1.35971,0.00899282,0.00899282,0.00899282,17.71912,47.92914923
64,7201.99,1.27146,6.01997,1.3718,0.59426,0.62116,0.57645,0.34961,1.50908,6.36892,1.44868,0.00896127,0.00896127,0.00896127,17.61362,49.22902191
65,7307.37,1.26539,6.01193,1.36023,0.62073,0.58694,0.60002,0.36552,1.51251,6.25745,1.43826,0.00892928,0.00892928,0.00892928,17.5427,48.38252892
66,7412.76,1.25077,5.90904,1.35258,0.60184,0.69344,0.64365,0.37481,1.45114,5.77264,1.37734,0.00889687,0.00889687,0.00889687,17.318685,44.68548531
67,7518.09,1.25573,5.98845,1.34827,0.66127,0.65662,0.66078,0.3756,1.44464,6.20952,1.33421,0.00886404,0.00886404,0.00886404,17.42883,47.91890606
68,7624.13,1.23519,5.82629,1.34657,0.61741,0.68269,0.68278,0.38484,1.48494,5.99628,1.38345,0.00883079,0.00883079,0.00883079,17.11007,46.36879619
69,7729.05,1.24203,5.89665,1.34676,0.60261,0.63382,0.60574,0.34788,1.52852,6.69982,1.45054,0.00879713,0.00879713,0.00879713,17.232015,51.7123857
70,7834.44,1.22055,5.73185,1.33205,0.60272,0.68282,0.62028,0.36419,1.5131,5.89264,1.40014,0.00876305,0.00876305,0.00876305,16.88405,45.60808458
71,7940.04,1.23089,5.8398,1.33548,0.65972,0.63008,0.66897,0.38034,1.47169,6.01602,1.36151,0.00872857,0.00872857,0.00872857,17.074695,46.49475286
72,8045.57,1.23339,5.76791,1.33285,0.57711,0.50722,0.54734,0.33956,1.51362,6.70798,1.37539,0.00869368,0.00869368,0.00869368,17.01761,51.69828052
73,8150.34,1.22838,5.84701,1.33423,0.53397,0.65415,0.61591,0.37283,1.51756,6.14536,1.42259,0.00865839,0.00865839,0.00865839,17.061205,47.52577759
74,8255.51,1.22748,5.64761,1.3328,0.6635,0.68278,0.66337,0.37287,1.52188,5.97869,1.41784,0.00862271,0.00862271,0.00862271,16.85291,46.27094907
75,8362.26,1.23953,5.8326,1.33456,0.6692,0.69113,0.70867,0.39401,1.48495,5.57609,1.36267,0.00858664,0.00858664,0.00858664,17.130915,43.19622496
76,8468.24,1.23303,5.6782,1.33318,0.57545,0.53128,0.4919,0.2734,1.79695,9.6378,1.58284,0.00855018,0.00855018,0.00855018,16.925695,73.87916527
77,8575.62,1.23398,5.92045,1.34615,0.63916,0.6558,0.68101,0.40049,1.47291,5.64026,1.37259,0.00851333,0.00851333,0.00851333,17.194525,43.68731
78,8679.85,1.21034,5.67552,1.32242,0.64957,0.62592,0.62301,0.36941,1.53112,5.71218,1.38011,0.00847611,0.00847611,0.00847611,16.7367,44.23417417
79,8785.62,1.20762,5.6419,1.33558,0.6829,0.65024,0.67654,0.38552,1.48518,5.9684,1.39364,0.00843851,0.00843851,0.00843851,16.70242,46.16929777
80,8891.37,1.22029,5.71989,1.32901,0.65381,0.68328,0.67721,0.38125,1.49392,5.58239,1.40604,0.00840054,0.00840054,0.00840054,16.86558,43.28656581
81,8997.46,1.23944,5.82118,1.33218,0.64873,0.64603,0.65126,0.38304,1.44949,5.65692,1.3428,0.0083622,0.0083622,0.0083622,17.11525,43.7822433
82,9103.64,1.2124,5.61939,1.31096,0.69417,0.67354,0.68456,0.39626,1.43758,5.55386,1.33199,0.00832349,0.00832349,0.00832349,16.67883,42.99842524
83,9208.55,1.184,5.53305,1.31001,0.70218,0.64455,0.70797,0.40468,1.42827,5.72573,1.34448,0.00828443,0.00828443,0.00828443,16.378065,44.29988165
84,9311.86,1.20553,5.62729,1.30786,0.67863,0.71258,0.70435,0.40281,1.50019,5.75892,1.42726,0.00824502,0.00824502,0.00824502,16.630555,44.63152753
85,9416.53,1.21401,5.56738,1.31414,0.65936,0.68991,0.65755,0.40955,1.39589,5.42913,1.32922,0.00820525,0.00820525,0.00820525,16.643665,42.06000288
86,9522.59,1.2026,5.50923,1.321,0.59547,0.61841,0.60459,0.33758,1.65358,6.59134,1.42436,0.00816514,0.00816514,0.00816514,16.51023,50.87165771
87,9627.39,1.20069,5.60797,1.30563,0.73466,0.69698,0.73956,0.4322,1.36732,5.29295,1.28227,0.00812468,0.00812468,0.00812468,16.57159,40.99158202
88,9731.56,1.17425,5.40673,1.29837,0.61704,0.63909,0.63455,0.3893,1.42998,5.48869,1.37782,0.00808389,0.00808389,0.00808389,16.16116,42.55512084
89,9836.36,1.1978,5.54444,1.30899,0.68723,0.68706,0.70731,0.41592,1.3808,5.24806,1.2895,0.00804277,0.00804277,0.00804277,16.491425,40.66201416
90,9942.77,1.20174,5.52881,1.30536,0.65096,0.70721,0.65452,0.39101,1.49164,5.69952,1.39495,0.00800131,0.00800131,0.00800131,16.4999,44.15335197
91,10048.7,1.19562,5.54205,1.30499,0.70267,0.66118,0.70791,0.42614,1.35938,5.3234,1.27994,0.00795954,0.00795954,0.00795954,16.466685,41.21737931
92,10154.4,1.18216,5.51161,1.31121,0.70537,0.68101,0.73289,0.42389,1.42556,5.58357,1.31014,0.00791744,0.00791744,0.00791744,16.344625,43.19879116
93,10259.3,1.18116,5.52657,1.29106,0.74079,0.72424,0.77129,0.42814,1.43306,5.57871,1.36222,0.00787503,0.00787503,0.00787503,16.32186,43.21435755
94,10363.5,1.1857,5.40001,1.29486,0.71719,0.73338,0.7289,0.41328,1.44512,5.39637,1.34328,0.00783231,0.00783231,0.00783231,16.23505,41.82780347
95,10468.6,1.21132,5.5658,1.31322,0.69843,0.69525,0.74677,0.43886,1.36767,5.37863,1.29716,0.00778929,0.00778929,0.00778929,16.62053,41.64856894
96,10573.4,1.17018,5.39048,1.28207,0.73658,0.74765,0.75267,0.41643,1.43128,5.88928,1.34464,0.00774596,0.00774596,0.00774596,16.089935,45.52585894
97,10678.6,1.18456,5.42649,1.30488,0.80305,0.70181,0.77102,0.45523,1.32831,5.19237,1.2588,0.00770234,0.00770234,0.00770234,16.26801,40.21312851
98,10782,1.19082,5.43459,1.28729,0.66562,0.72465,0.73057,0.43974,1.38006,5.45783,1.29371,0.00765843,0.00765843,0.00765843,16.296675,42.23892265
99,10887.5,1.17112,5.34439,1.28364,0.73674,0.78574,0.7971,0.44864,1.38804,5.45921,1.3267,0.00761423,0.00761423,0.00761423,16.05325,42.28219635
100,10992.9,1.19504,5.41685,1.29581,0.71945,0.64962,0.71079,0.4165,1.39366,5.37214,1.27974,0.00756976,0.00756976,0.00756976,16.323365,41.58214464
101,11097.5,1.16585,5.39279,1.28167,0.66104,0.62686,0.6611,0.41293,1.43937,5.18591,1.34997,0.007525,0.007525,0.007525,16.05917,40.2555825
102,11201.1,1.16124,5.26256,1.27236,0.74379,0.7486,0.77917,0.43688,1.37168,5.97121,1.29212,0.00747997,0.00747997,0.00747997,15.8804,46.08741496
103,11306.4,1.15114,5.17709,1.27096,0.6852,0.66245,0.68963,0.39088,1.48781,5.38472,1.37182,0.00743468,0.00743468,0.00743468,15.71708,41.76837202
104,11413.5,1.16324,5.28282,1.27963,0.70326,0.70481,0.71686,0.41755,1.42425,5.35419,1.34096,0.00738913,0.00738913,0.00738913,15.926565,41.5084687
105,11518.1,1.17255,5.36841,1.28274,0.78105,0.73318,0.75921,0.44173,1.3345,5.31599,1.24289,0.00734332,0.00734332,0.00734332,16.086645,41.12382998
106,11622.8,1.14517,5.39403,1.26286,0.81151,0.7413,0.8221,0.47219,1.32216,5.21539,1.2389,0.00729725,0.00729725,0.00729725,15.877095,40.36527088
107,11727.2,1.17052,5.3763,1.27743,0.69903,0.67833,0.71591,0.41539,1.42216,5.37958,1.30987,0.00725094,0.00725094,0.00725094,16.071345,41.66759641
108,11832.3,1.14725,5.21169,1.26698,0.69504,0.71581,0.73431,0.43032,1.39292,5.1126,1.28353,0.00720439,0.00720439,0.00720439,15.716535,39.63883659
109,11935.9,1.16602,5.28148,1.27513,0.68786,0.69635,0.70171,0.42529,1.39326,5.21793,1.26139,0.00715761,0.00715761,0.00715761,15.939325,40.40660142
110,12040.1,1.14509,5.1254,1.26443,0.72787,0.69702,0.7203,0.42366,1.39987,5.35512,1.30399,0.00711059,0.00711059,0.00711059,15.61022,41.47805589
111,12143.4,1.16431,5.30724,1.26816,0.72491,0.70649,0.75516,0.4471,1.35891,5.21456,1.28419,0.00706335,0.00706335,0.00706335,15.941805,40.40398503
112,12247.8,1.15617,5.21928,1.27521,0.7424,0.7102,0.75878,0.4436,1.41594,5.26527,1.32948,0.00701588,0.00701588,0.00701588,15.80337,40.82952882
113,12351.6,1.15588,5.18212,1.25933,0.74768,0.69859,0.75446,0.4344,1.39239,5.19218,1.31325,0.0069682,0.0069682,0.0069682,15.740215,40.2650523
114,12456.4,1.15784,5.16737,1.26513,0.73009,0.71934,0.75456,0.43374,1.37544,5.09645,1.27113,0.00692031,0.00692031,0.00692031,15.748865,39.50488547
115,12560.8,1.13852,5.11344,1.26119,0.70229,0.68962,0.7122,0.43294,1.37652,5.23706,1.29127,0.00687222,0.00687222,0.00687222,15.544125,40.57952833
116,12665.4,1.13183,5.0635,1.25367,0.81799,0.7564,0.78448,0.44914,1.35693,5.06219,1.27703,0.00682392,0.00682392,0.00682392,15.43273,39.25369088
117,12770.6,1.14537,5.16946,1.25315,0.6904,0.69514,0.68153,0.41582,1.42072,5.51231,1.30043,0.00677543,0.00677543,0.00677543,15.63946,42.65291815
118,12876.7,1.12637,5.14995,1.2551,0.76291,0.75123,0.7788,0.44498,1.39095,5.12875,1.29884,0.00672675,0.00672675,0.00672675,15.480375,39.77455513
119,12981.4,1.14023,5.16251,1.25907,0.7531,0.70746,0.73873,0.43057,1.40203,5.32776,1.30176,0.00667789,0.00667789,0.00667789,15.60284,41.26997684
120,13085.9,1.11128,5.0139,1.23868,0.75857,0.71633,0.77698,0.44632,1.33916,5.01913,1.24665,0.00662885,0.00662885,0.00662885,15.20652,38.90006828
121,13190.7,1.12531,5.0341,1.23764,0.82217,0.82158,0.84926,0.46725,1.34988,4.96421,1.26266,0.00657963,0.00657963,0.00657963,15.330385,38.50410445
122,13293.7,1.13526,4.99064,1.25332,0.75315,0.70436,0.73455,0.4349,1.35406,5.17221,1.25541,0.00653025,0.00653025,0.00653025,15.38507,40.05678038
123,13398.3,1.11423,5.02915,1.24485,0.75936,0.71453,0.75192,0.43451,1.37277,5.1132,1.26339,0.00648071,0.00648071,0.00648071,15.25315,39.62211107
124,13504.1,1.12792,5.05995,1.23573,0.75006,0.73826,0.75848,0.44537,1.34767,4.98851,1.26492,0.00643101,0.00643101,0.00643101,15.372945,38.68839152
125,13607.8,1.12918,5.03132,1.24922,0.74245,0.74726,0.777,0.45677,1.34053,5.20958,1.26728,0.00638115,0.00638115,0.00638115,15.374,40.34870173
126,13712.2,1.1143,4.95899,1.2448,0.72771,0.69815,0.75032,0.4394,1.34968,5.20256,1.24523,0.00633115,0.00633115,0.00633115,15.18344,40.27392673
127,13816.7,1.10216,4.90928,1.24073,0.77639,0.73009,0.76101,0.44624,1.36245,5.04672,1.26451,0.00628101,0.00628101,0.00628101,15.036575,39.12433152
128,13922.3,1.10557,4.91139,1.23671,0.77264,0.74123,0.77928,0.46369,1.35443,5.1456,1.23193,0.00623074,0.00623074,0.00623074,15.05823,39.83327611
129,14027.8,1.11898,4.99901,1.23753,0.77034,0.79043,0.8014,0.44932,1.34795,4.91371,1.27471,0.00618034,0.00618034,0.00618034,15.247655,38.13680551
130,14132.8,1.11789,5.01614,1.24072,0.74853,0.75343,0.75555,0.44513,1.38304,5.08362,1.30125,0.00612981,0.00612981,0.00612981,15.261395,39.43759472
131,14237.8,1.0993,4.90779,1.23663,0.80507,0.78581,0.80676,0.46184,1.33404,5.03356,1.26052,0.00607916,0.00607916,0.00607916,15.007485,39.02133874
132,14342.7,1.09751,4.85464,1.23,0.77375,0.76687,0.78228,0.47168,1.30635,4.92457,1.25161,0.0060284,0.0060284,0.0060284,14.930965,38.1949276
133,14447.4,1.09536,4.91825,1.23425,0.7793,0.77379,0.78547,0.4589,1.35592,5.06324,1.26129,0.00597754,0.00597754,0.00597754,14.984825,39.24455631
134,14552.2,1.11145,4.8644,1.22982,0.77392,0.73731,0.75335,0.4504,1.33958,5.03022,1.26082,0.00592657,0.00592657,0.00592657,15.045005,38.99635986
135,14658.6,1.09016,4.84012,1.23654,0.79101,0.72937,0.77297,0.45559,1.34843,4.93873,1.26532,0.00587551,0.00587551,0.00587551,14.87113,38.31460827
136,14764.4,1.10534,4.8452,1.22138,0.75038,0.70112,0.76352,0.45794,1.33351,4.93155,1.27214,0.00582435,0.00582435,0.00582435,14.96732,38.26750153
137,14869.7,1.08295,4.82411,1.22886,0.7637,0.71626,0.76302,0.45889,1.30802,5.00787,1.24885,0.00577311,0.00577311,0.00577311,14.789525,38.81653467
138,14975.5,1.08066,4.75267,1.23171,0.80875,0.75053,0.78772,0.47201,1.29556,4.82721,1.22248,0.00572179,0.00572179,0.00572179,14.705185,37.43513769
139,15081.5,1.10778,4.88793,1.23311,0.75451,0.76044,0.77013,0.45422,1.32784,4.85617,1.24755,0.0056704,0.0056704,0.0056704,15.045945,37.6773306
140,15187.8,1.10461,4.92119,1.24076,0.7555,0.71531,0.75748,0.46022,1.32618,4.90966,1.24724,0.00561894,0.00561894,0.00561894,15.066905,38.07811841
141,15292.8,1.10868,4.80433,1.23412,0.79185,0.73682,0.78234,0.46807,1.32567,4.95411,1.24618,0.00556742,0.00556742,0.00556742,14.97061,38.41035613
142,15398.2,1.08658,4.70896,1.22301,0.8223,0.74718,0.79952,0.46821,1.32121,4.87589,1.24829,0.00551584,0.00551584,0.00551584,14.692825,37.82573876
143,15505.4,1.10615,4.83654,1.22453,0.78997,0.78277,0.78853,0.46592,1.32476,4.79811,1.25798,0.00546421,0.00546421,0.00546421,14.96946,37.25200132
144,15611.4,1.07577,4.75625,1.20867,0.81534,0.7572,0.80289,0.47068,1.32234,4.94149,1.23599,0.00541253,0.00541253,0.00541253,14.63753,38.3052838
145,15716.8,1.09184,4.86936,1.2252,0.78617,0.70189,0.77398,0.4675,1.30925,4.9085,1.2267,0.00536081,0.00536081,0.00536081,14.89596,38.04849122
146,15823.3,1.07913,4.76747,1.22826,0.77683,0.74598,0.78238,0.477,1.29021,4.73022,1.20317,0.00530906,0.00530906,0.00530906,14.703335,36.68778359
147,15928.6,1.11382,4.88693,1.23914,0.71161,0.74433,0.7593,0.46388,1.30194,4.81019,1.21874,0.00525728,0.00525728,0.00525728,15.09929,37.30305092
148,16033.7,1.08621,4.74655,1.21808,0.75216,0.72972,0.77131,0.47241,1.2902,4.83201,1.21407,0.00520548,0.00520548,0.00520548,14.720245,37.46195322
149,16138.8,1.07556,4.68868,1.20281,0.76045,0.72534,0.76066,0.45976,1.31473,4.89141,1.23898,0.00515366,0.00515366,0.00515366,14.559595,37.93228549
150,16244.3,1.08939,4.77014,1.20932,0.7483,0.71422,0.75214,0.45764,1.30352,4.90109,1.21898,0.00510184,0.00510184,0.00510184,14.754545,37.98480776
151,16350.4,1.08637,4.76431,1.21523,0.76846,0.72131,0.77802,0.47388,1.30031,4.89137,1.22667,0.00505,0.00505,0.00505,14.73493,37.91952
152,16457.2,1.07755,4.69334,1.21185,0.77635,0.72593,0.78191,0.46539,1.30313,4.77743,1.21912,0.00499816,0.00499816,0.00499816,14.59274,37.05734224
153,16564.1,1.09053,4.8065,1.21575,0.77144,0.73659,0.78946,0.47568,1.30859,4.80668,1.22085,0.00494634,0.00494634,0.00494634,14.8091,37.27836951
154,16671,1.08785,4.81765,1.23074,0.76762,0.74764,0.76933,0.45889,1.31179,4.77234,1.23515,0.00489452,0.00489452,0.00489452,14.822635,37.03504178
155,16777.1,1.06583,4.68085,1.20956,0.75535,0.72262,0.77369,0.46495,1.28394,4.77503,1.21249,0.00484272,0.00484272,0.00484272,14.488915,37.03247908
156,16881.2,1.07067,4.68503,1.20488,0.75531,0.71304,0.76995,0.47116,1.2804,4.65118,1.20747,0.00479094,0.00479094,0.00479094,14.522375,36.09850641
157,16986.5,1.06405,4.65019,1.21372,0.77429,0.72089,0.77306,0.46657,1.31608,4.77863,1.21718,0.00473919,0.00473919,0.00473919,14.451145,37.06401379
158,17092.2,1.06233,4.69462,1.19076,0.76138,0.72708,0.77671,0.46195,1.31641,4.76188,1.23485,0.00468747,0.00468747,0.00468747,14.448235,36.95598121
159,17197.7,1.053,4.53234,1.19308,0.83353,0.76555,0.8105,0.48662,1.27449,4.63891,1.19061,0.00463579,0.00463579,0.00463579,14.21946,35.98938869
160,17373.2,1.08209,4.73205,1.20544,0.82113,0.75203,0.799,0.47698,1.29719,4.76282,1.21004,0.00458416,0.00458416,0.00458416,14.655885,36.93806624
161,17550,1.03755,4.61881,1.19157,0.81521,0.76536,0.80328,0.47424,1.33372,4.69761,1.23276,0.00453258,0.00453258,0.00453258,14.18779,36.47163387
162,17659.1,1.05885,4.64888,1.21009,0.79949,0.74037,0.78443,0.46095,1.32327,4.74258,1.24682,0.00448106,0.00448106,0.00448106,14.40539,36.82289159
163,17768.9,1.05823,4.64877,1.19614,0.80561,0.73764,0.78934,0.4767,1.30487,4.76469,1.23149,0.0044296,0.0044296,0.0044296,14.379705,36.9733094
164,17876.1,1.07068,4.60554,1.20165,0.80213,0.76486,0.79446,0.46985,1.30425,4.69211,1.21618,0.00437821,0.00437821,0.00437821,14.438115,36.41357232
165,17981.1,1.04709,4.60954,1.19976,0.81947,0.79791,0.82029,0.47468,1.28168,4.69513,1.20723,0.00432689,0.00432689,0.00432689,14.262355,36.42719534
166,18090.2,1.06713,4.63425,1.19699,0.82042,0.76977,0.81375,0.47633,1.27912,4.67362,1.20235,0.00427565,0.00427565,0.00427565,14.43321,36.26091348
167,18198.7,1.04184,4.51431,1.19194,0.81282,0.76328,0.8117,0.47433,1.30174,4.77129,1.23811,0.00422449,0.00422449,0.00422449,14.11602,37.02912174
168,18305,1.05588,4.48388,1.1858,0.81915,0.80093,0.8347,0.48578,1.28551,4.7367,1.21248,0.00417343,0.00417343,0.00417343,14.18168,36.74399015
169,18412.1,1.03128,4.44926,1.17586,0.85448,0.79053,0.83589,0.48634,1.28029,4.59724,1.21033,0.00412246,0.00412246,0.00412246,13.94765,35.69581369
170,18520.4,1.04937,4.50455,1.19643,0.80882,0.73866,0.80396,0.48459,1.28737,4.63545,1.21193,0.0040716,0.0040716,0.0040716,14.16947,35.9839124
171,18625.7,1.02063,4.41462,1.18591,0.79856,0.74507,0.79887,0.48504,1.29195,4.63826,1.21204,0.00402084,0.00402084,0.00402084,13.84821,36.00502126
172,18730.1,1.04751,4.55683,1.19297,0.80677,0.75726,0.79562,0.48499,1.28611,4.68552,1.20983,0.00397019,0.00397019,0.00397019,14.20261,36.35718529
173,18835.5,1.049,4.56639,1.19024,0.79549,0.72478,0.7951,0.47945,1.29229,4.69826,1.21948,0.00391966,0.00391966,0.00391966,14.21925,36.46230949
174,18939.9,1.0293,4.42337,1.18513,0.80467,0.75849,0.81538,0.48259,1.29602,4.73185,1.21728,0.00386926,0.00386926,0.00386926,13.920815,36.71195889
175,19044.4,1.0431,4.51677,1.18547,0.83456,0.76786,0.8201,0.48659,1.30363,4.7511,1.21605,0.00381899,0.00381899,0.00381899,14.118225,36.85502849
176,19148.9,1.03841,4.45968,1.18395,0.78311,0.78172,0.79771,0.47598,1.31343,4.77445,1.23329,0.00376885,0.00376885,0.00376885,14.02368,37.04731828
177,19252.4,1.01995,4.44564,1.1707,0.83584,0.78066,0.80707,0.47863,1.31207,4.66149,1.2466,0.00371885,0.00371885,0.00371885,13.851315,36.21335328
178,19356.6,1.02541,4.35282,1.17361,0.81743,0.78257,0.81905,0.47853,1.32323,4.67811,1.24523,0.00366899,0.00366899,0.00366899,13.80381,36.33655849
179,19460.5,1.03575,4.44892,1.1801,0.82004,0.76368,0.80643,0.4818,1.28978,4.57819,1.21053,0.00361929,0.00361929,0.00361929,13.987195,35.55238394
180,19566.2,1.0371,4.45601,1.1803,0.80576,0.75468,0.79451,0.48152,1.29622,4.61221,1.20914,0.00356975,0.00356975,0.00356975,14.00471,35.80606963
181,19670.9,1.04032,4.48002,1.1739,0.7926,0.7618,0.78617,0.47901,1.28564,4.65341,1.20969,0.00352037,0.00352037,0.00352037,14.04327,36.11554556
182,19776,1.02449,4.41709,1.17208,0.83742,0.76064,0.81443,0.49146,1.27938,4.57695,1.2195,0.00347115,0.00347115,0.00347115,13.858885,35.55183173
183,19880.8,1.03964,4.49251,1.1824,0.8403,0.78704,0.83769,0.4869,1.3032,4.64549,1.24073,0.00342211,0.00342211,0.00342211,14.06341,36.08703817
184,19985.9,1.03269,4.45189,1.18284,0.83446,0.77193,0.82525,0.48522,1.30235,4.65584,1.21841,0.00337325,0.00337325,0.00337325,13.971325,36.14226988
185,20090.9,1.0231,4.49947,1.17365,0.8013,0.763,0.79939,0.48473,1.29123,4.62264,1.21799,0.00332457,0.00332457,0.00332457,13.933195,35.89277686
186,20196,1.02405,4.43343,1.17582,0.81146,0.76329,0.80446,0.48569,1.2972,4.64358,1.21385,0.00327608,0.00327608,0.00327608,13.877535,36.04561412
187,20301.2,1.01771,4.37625,1.17881,0.80815,0.76579,0.80281,0.48617,1.28009,4.58057,1.20351,0.00322778,0.00322778,0.00322778,13.77729,35.56262667
188,20405.4,1.01881,4.39199,1.17821,0.85489,0.79701,0.83423,0.50014,1.27599,4.54963,1.19902,0.00317969,0.00317969,0.00317969,13.80038,35.32601454
189,20509.9,1.02607,4.35781,1.17472,0.85898,0.80558,0.8376,0.50372,1.26737,4.48638,1.18842,0.0031318,0.0031318,0.0031318,13.815415,34.8409677
190,20615.4,1.0006,4.30323,1.16588,0.84739,0.78226,0.8413,0.49467,1.27363,4.50679,1.19583,0.00308412,0.00308412,0.00308412,13.55655,35.00138118
191,20720.3,1.0361,4.44233,1.18101,0.86109,0.81763,0.85903,0.49878,1.28097,4.5245,1.20359,0.00303665,0.00303665,0.00303665,13.984595,35.14189498
192,20825.2,1.01602,4.37166,1.17173,0.86938,0.83715,0.89248,0.51425,1.28141,4.55206,1.2034,0.00298941,0.00298941,0.00298941,13.749405,35.34833412
193,20929.9,1.00204,4.25546,1.17603,0.86914,0.83661,0.88643,0.51068,1.27282,4.47857,1.19437,0.00294239,0.00294239,0.00294239,13.534805,34.78805859
194,21035.5,1.03526,4.4222,1.17173,0.86648,0.82586,0.88184,0.5062,1.28171,4.5257,1.19181,0.00289561,0.00289561,0.00289561,13.944245,35.13890342
195,21139.4,1.01454,4.34334,1.16787,0.87285,0.81559,0.87934,0.50185,1.28779,4.55598,1.20575,0.00284906,0.00284906,0.00284906,13.704195,35.37987359
196,21244,1.01213,4.35849,1.1678,0.86768,0.82485,0.8775,0.50658,1.28701,4.59257,1.20813,0.00280275,0.00280275,0.00280275,13.701165,35.65660913
197,21349.4,0.98976,4.24704,1.16496,0.81551,0.79441,0.82078,0.4921,1.29272,4.61573,1.2043,0.00275668,0.00275668,0.00275668,13.41768,35.82641002
198,21455.9,0.99981,4.26572,1.1686,0.83169,0.79751,0.84459,0.49917,1.28179,4.59229,1.19748,0.00271087,0.00271087,0.00271087,13.517195,35.64372131
199,21562.1,1.00536,4.25391,1.16068,0.85203,0.8102,0.85358,0.501,1.29229,4.62658,1.20486,0.00266532,0.00266532,0.00266532,13.53513,35.90820798
200,21667.7,0.99629,4.24708,1.164,0.86202,0.82599,0.86083,0.49546,1.29805,4.61647,1.21331,0.00262003,0.00262003,0.00262003,13.465255,35.84076505
201,21771.7,1.02827,4.41348,1.16731,0.84304,0.80004,0.84053,0.49562,1.29462,4.54631,1.20249,0.002575,0.002575,0.002575,13.87647,35.3036775
202,21877.5,0.9923,4.2483,1.14713,0.82318,0.7911,0.8351,0.49823,1.29276,4.56271,1.19471,0.00253024,0.00253024,0.00253024,13.411245,35.41883036
203,21984.7,0.99235,4.23507,1.15455,0.84724,0.8283,0.88763,0.51378,1.2744,4.54585,1.18004,0.00248577,0.00248577,0.00248577,13.40952,35.27764366
204,22089.7,0.98822,4.14765,1.13848,0.82295,0.81069,0.86229,0.50932,1.2788,4.53696,1.17777,0.00244157,0.00244157,0.00244157,13.26702,35.20863236
205,22215.4,0.99501,4.23634,1.15307,0.81055,0.78146,0.82477,0.49888,1.27741,4.5365,1.18168,0.00239766,0.00239766,0.00239766,13.42852,35.20902649
206,22342.2,0.99345,4.17539,1.14361,0.84539,0.78127,0.84962,0.5018,1.27816,4.56261,1.18296,0.00235404,0.00235404,0.00235404,13.34168,35.40606606
207,22458.1,1.0004,4.20421,1.15214,0.86154,0.78517,0.84683,0.49982,1.26827,4.51896,1.17457,0.00231071,0.00231071,0.00231071,13.43542,35.07023607
208,22563.4,0.99662,4.18042,1.13857,0.86083,0.78675,0.83737,0.49844,1.26921,4.50757,1.17886,0.00226769,0.00226769,0.00226769,13.362925,34.98903654
209,22669.1,0.97698,4.14316,1.14253,0.80435,0.76162,0.80416,0.48909,1.26925,4.52206,1.17941,0.00222497,0.00222497,0.00222497,13.184305,35.09819746
210,22774.2,1.00769,4.27845,1.17102,0.84027,0.7911,0.84267,0.4942,1.27049,4.51276,1.17919,0.00218256,0.00218256,0.00218256,13.592655,35.02816384
211,22880.9,0.97088,4.19443,1.14077,0.84588,0.7976,0.84236,0.49575,1.27597,4.53708,1.18644,0.00214046,0.00214046,0.00214046,13.187185,35.21775069
212,22986.7,0.98072,4.18823,1.15739,0.85471,0.79652,0.85235,0.50286,1.27932,4.52183,1.1877,0.00209869,0.00209869,0.00209869,13.279715,35.10457304
213,23092.1,1.00284,4.23822,1.16094,0.8561,0.80423,0.86762,0.51005,1.27346,4.51109,1.17992,0.00205723,0.00205723,0.00205723,13.50093,35.01618085
214,23195.8,0.98588,4.1797,1.14659,0.85237,0.80806,0.86428,0.51194,1.27053,4.5304,1.17873,0.00201611,0.00201611,0.00201611,13.293685,35.15975417
215,23302.4,0.99353,4.23239,1.16087,0.85106,0.80729,0.84687,0.50673,1.27445,4.5244,1.18131,0.00197532,0.00197532,0.00197532,13.42517,35.11727298
216,23409.4,0.97466,4.13397,1.15143,0.82902,0.79026,0.8316,0.4996,1.27493,4.5189,1.18117,0.00193486,0.00193486,0.00193486,13.171065,35.07582229
217,23513.7,0.96523,4.06152,1.1414,0.80515,0.78144,0.81407,0.49488,1.28513,4.52948,1.18633,0.00189475,0.00189475,0.00189475,13.012845,35.16027213
218,23617.2,0.97147,4.09799,1.14594,0.82228,0.76605,0.8141,0.4958,1.28819,4.53953,1.19172,0.00185498,0.00185498,0.00185498,13.102925,35.24097747
219,23720.2,0.97568,4.08796,1.14581,0.79381,0.75789,0.79983,0.49238,1.28098,4.55513,1.18445,0.00181557,0.00181557,0.00181557,13.124275,35.35064836
220,23827.4,0.99271,4.25148,1.15465,0.80684,0.80566,0.82529,0.50241,1.27647,4.55298,1.18126,0.00177651,0.00177651,0.00177651,13.42878,35.33127477
221,23933.8,0.98348,4.1634,1.14878,0.81509,0.7877,0.82446,0.50074,1.26985,4.53202,1.17441,0.0017378,0.0017378,0.0017378,13.26267,35.1671667
222,24038.2,0.97123,4.03637,1.13863,0.84255,0.79524,0.83529,0.50332,1.27155,4.55904,1.1765,0.00169946,0.00169946,0.00169946,13.02854,35.37184919
223,24142.2,0.9545,3.9831,1.13776,0.85551,0.79538,0.83339,0.50172,1.27276,4.54167,1.17481,0.00166149,0.00166149,0.00166149,12.84849,35.23982724
224,24248.3,0.97777,4.10727,1.13615,0.85347,0.80767,0.84067,0.50621,1.27806,4.58773,1.17793,0.00162389,0.00162389,0.00162389,13.14477,35.58834084
225,24353.6,0.96268,4.08149,1.1398,0.83774,0.82858,0.84647,0.50559,1.27688,4.58378,1.17852,0.00158667,0.00158667,0.00158667,13.01129,35.55925001
226,24460.3,0.97461,4.12329,1.14673,0.8256,0.80022,0.82693,0.50325,1.27316,4.57338,1.17603,0.00154982,0.00154982,0.00154982,13.15296,35.47870473
227,24564.5,0.95411,4.03104,1.13141,0.85221,0.79884,0.84196,0.50532,1.26601,4.54073,1.17521,0.00151336,0.00151336,0.00151336,12.88398,35.23295504
228,24668.7,0.94785,4.00039,1.12543,0.84087,0.80538,0.83805,0.50539,1.26846,4.54175,1.17694,0.00147729,0.00147729,0.00147729,12.79741,35.24228094
229,24775.1,0.96234,4.08502,1.13349,0.86037,0.7825,0.836,0.50241,1.27362,4.57663,1.18101,0.00144161,0.00144161,0.00144161,13.002805,35.50789742
230,24881.4,0.97235,4.08035,1.14108,0.85262,0.79334,0.84687,0.50465,1.27004,4.58151,1.17899,0.00140632,0.00140632,0.00140632,13.084595,35.54242448
231,24986.6,0.96286,4.01787,1.12841,0.82522,0.82858,0.85067,0.50564,1.26384,4.5663,1.17408,0.00137143,0.00137143,0.00137143,12.931935,35.42338715
232,25091,0.93212,3.94063,1.13225,0.81971,0.81861,0.83923,0.50453,1.26156,4.51823,1.17175,0.00133695,0.00133695,0.00133695,12.629905,35.06048043
233,25197.1,0.96128,4.05164,1.1433,0.81132,0.8085,0.8303,0.50349,1.259,4.48833,1.17355,0.00130287,0.00130287,0.00130287,12.97619,34.83797931
234,25303,0.96514,4.07541,1.14466,0.82426,0.80755,0.83616,0.50389,1.25567,4.47535,1.17203,0.00126921,0.00126921,0.00126921,13.03095,34.73905882
235,25409.1,0.95866,4.01918,1.13718,0.84034,0.79529,0.84107,0.50742,1.25369,4.46122,1.17073,0.00123596,0.00123596,0.00123596,12.9149,34.63173394
236,25515.9,0.96338,4.01415,1.14056,0.83617,0.8185,0.84692,0.50805,1.25435,4.457,1.17081,0.00120313,0.00120313,0.00120313,12.95034,34.6001147
237,25620.1,0.94692,3.95224,1.1304,0.8512,0.8209,0.85523,0.50869,1.25579,4.46693,1.16858,0.00117072,0.00117072,0.00117072,12.74974,34.67231108
238,25726.4,0.98199,4.14091,1.13931,0.84438,0.82427,0.8568,0.5112,1.25053,4.45438,1.16474,0.00113873,0.00113873,0.00113873,13.2148,34.5742981
239,25834.1,0.95684,3.96225,1.1219,0.85033,0.83359,0.8704,0.51251,1.24885,4.45103,1.16577,0.00110718,0.00110718,0.00110718,12.8214,34.55015577
240,25939.3,0.93456,3.95033,1.11577,0.85221,0.83404,0.88277,0.51333,1.2472,4.44413,1.16672,0.00107605,0.00107605,0.00107605,12.633185,34.49930908
241,26042.8,0.95615,3.95843,1.12906,0.8484,0.84239,0.88294,0.51572,1.24784,4.46328,1.16998,0.00104537,0.00104537,0.00104537,12.823145,34.64614806
242,26147.6,0.94805,3.97464,1.12877,0.86424,0.82092,0.88232,0.51439,1.24988,4.46694,1.17114,0.00101512,0.00101512,0.00101512,12.77817,34.67471268
243,26346.1,0.93819,3.99455,1.13334,0.84095,0.8449,0.88499,0.51641,1.25163,4.47805,1.17045,0.000985311,0.000985311,0.000985311,12.730985,34.75730297
244,26469.7,0.96626,4.00966,1.1357,0.86745,0.82643,0.8768,0.51715,1.25224,4.497,1.1696,0.000955951,0.000955951,0.000955951,12.96016,34.89853393
245,26575.4,0.95991,4.05667,1.14367,0.87334,0.81509,0.88451,0.51738,1.25226,4.52823,1.16836,0.00092704,0.00092704,0.00092704,12.9715,35.13147556
246,26682.9,0.93838,3.90822,1.1173,0.878,0.80992,0.88251,0.51801,1.25115,4.54287,1.16585,0.000898581,0.000898581,0.000898581,12.62202,35.23872287
247,26790.4,0.95043,3.95912,1.13093,0.88271,0.81085,0.88297,0.51829,1.25278,4.55165,1.16547,0.000870577,0.000870577,0.000870577,12.78374,35.30415087
248,26894.6,0.95074,3.99269,1.13526,0.86611,0.82059,0.88029,0.51845,1.25319,4.56783,1.16248,0.000843031,0.000843031,0.000843031,12.82613,35.42246955
249,26997,0.92225,3.86942,1.11749,0.8383,0.83475,0.86443,0.51727,1.25338,4.5658,1.16091,0.000815947,0.000815947,0.000815947,12.46253,35.40563392
250,27100.8,0.94356,3.94061,1.1288,0.84363,0.83081,0.87298,0.5165,1.25493,4.59949,1.1592,0.000789327,0.000789327,0.000789327,12.71051,35.65655899
251,27204.5,0.94045,3.9406,1.12779,0.84874,0.83924,0.88167,0.51761,1.25669,4.63929,1.15803,0.000763174,0.000763174,0.000763174,12.68566,35.95384976
252,27308.7,0.95046,4.01611,1.13771,0.83147,0.83461,0.86483,0.51393,1.25911,4.7016,1.15791,0.000737492,0.000737492,0.000737492,12.851125,36.42101624
253,27412.3,0.9383,3.9623,1.11746,0.81585,0.8433,0.86244,0.51418,1.26154,4.71317,1.15833,0.000712282,0.000712282,0.000712282,12.67574,36.50817342
254,27516.6,0.93575,3.97049,1.12579,0.82833,0.83586,0.86453,0.51479,1.26104,4.7129,1.15816,0.000687548,0.000687548,0.000687548,12.6773,36.50594132
255,27621,0.93671,3.94715,1.12841,0.80152,0.8259,0.84974,0.51308,1.26316,4.72534,1.1597,0.000663292,0.000663292,0.000663292,12.66509,36.60074494
256,27724.3,0.94943,3.97321,1.12689,0.80221,0.82453,0.85067,0.51235,1.26212,4.72777,1.15888,0.000639518,0.000639518,0.000639518,12.78427,36.61811428
257,27827.7,0.95021,3.94135,1.11584,0.80917,0.81624,0.85143,0.51232,1.25991,4.71097,1.1579,0.000616227,0.000616227,0.000616227,12.741685,36.49109934
258,27932.7,0.92631,3.89276,1.12585,0.81848,0.81688,0.85389,0.51386,1.25716,4.70191,1.15577,0.000593422,0.000593422,0.000593422,12.52886,36.42098513
259,28036.2,0.93589,3.93842,1.12456,0.83688,0.81624,0.86533,0.51822,1.25491,4.6857,1.15376,0.000571106,0.000571106,0.000571106,12.644435,36.29736666
260,28140.1,0.93613,3.84366,1.11772,0.85098,0.81199,0.86806,0.51891,1.25395,4.66048,1.15261,0.000549281,0.000549281,0.000549281,12.541215,36.10703392
261,28246,0.9405,3.93468,1.12228,0.86711,0.81151,0.86968,0.51976,1.25032,4.63513,1.15124,0.00052795,0.00052795,0.00052795,12.67185,35.91550693
262,28352.2,0.93648,3.8948,1.12598,0.86633,0.8227,0.87711,0.52071,1.24893,4.60708,1.15178,0.000507115,0.000507115,0.000507115,12.60737,35.70564067
263,28458.2,0.92628,3.91986,1.12142,0.86457,0.82432,0.87558,0.52027,1.24816,4.59609,1.15134,0.000486777,0.000486777,0.000486777,12.54909,35.62274517
264,28560.9,0.91919,3.7929,1.10133,0.8591,0.8305,0.86694,0.52004,1.2471,4.57245,1.14904,0.000466941,0.000466941,0.000466941,12.33882,35.44311541
265,28664.3,0.94803,3.98142,1.11747,0.86445,0.82491,0.8738,0.51989,1.24664,4.55156,1.14861,0.000447606,0.000447606,0.000447606,12.76785,35.28598141
266,28768.2,0.92352,3.8341,1.11545,0.8609,0.83464,0.8823,0.52057,1.24754,4.55584,1.14837,0.000428777,0.000428777,0.000428777,12.433675,35.31781317
267,28875.9,0.92668,3.91808,1.12006,0.86069,0.83416,0.8809,0.52093,1.24666,4.54407,1.14798,0.000410454,0.000410454,0.000410454,12.54827,35.22912068
268,28982.2,0.92658,3.86584,1.10729,0.85922,0.84056,0.88577,0.5229,1.24422,4.51774,1.14786,0.00039264,0.00039264,0.00039264,12.476125,35.03149896
269,29091.3,0.95547,4.0173,1.12315,0.86205,0.84104,0.88573,0.52413,1.2434,4.49485,1.14866,0.000375337,0.000375337,0.000375337,12.86805,34.86059801
270,29198.9,0.934,3.87035,1.12119,0.85331,0.83418,0.87602,0.52138,1.24336,4.4793,1.15085,0.000358546,0.000358546,0.000358546,12.557135,34.74613782
271,29290.3,1.04041,4.18324,1.13708,0.86557,0.83419,0.87942,0.52146,1.24274,4.45913,1.15133,0.00034227,0.00034227,0.00034227,13.691935,34.59531841
272,29381.4,1.00983,3.95328,1.13825,0.87519,0.83433,0.88352,0.51958,1.24141,4.44306,1.1506,0.00032651,0.00032651,0.00032651,13.23438,34.47403977
273,29471.8,1.00315,3.91668,1.12587,0.87456,0.83616,0.88323,0.51956,1.23919,4.42664,1.14901,0.000311268,0.000311268,0.000311268,13.12911,34.3492769
274,29564,1.01009,3.84091,1.1209,0.87522,0.8338,0.88151,0.51902,1.23972,4.41465,1.14912,0.000296546,0.000296546,0.000296546,13.097935,34.25943982
275,29657.3,0.99754,3.84429,1.12793,0.87748,0.83425,0.881,0.51943,1.23972,4.41404,1.14911,0.000282345,0.000282345,0.000282345,13.017735,34.25483352
276,29750.8,1.00866,3.86026,1.10949,0.87824,0.83245,0.8815,0.51958,1.23914,4.40209,1.14903,0.000268667,0.000268667,0.000268667,13.089445,34.165108
277,29844,0.98536,3.78887,1.11319,0.88458,0.82976,0.87861,0.5218,1.23822,4.39143,1.14794,0.000255513,0.000255513,0.000255513,12.848855,34.08404827
278,29935.3,0.99996,3.76848,1.10864,0.88733,0.82636,0.87754,0.52105,1.23805,4.38663,1.14772,0.000242885,0.000242885,0.000242885,12.93114,34.04780933
279,30027.4,0.99156,3.76554,1.11187,0.8885,0.82274,0.87733,0.52029,1.23807,4.37664,1.14761,0.000230784,0.000230784,0.000230784,12.870045,33.97275618
280,30121.6,1.0019,3.76145,1.11885,0.88697,0.82241,0.87846,0.51721,1.23706,4.36646,1.14718,0.000219212,0.000219212,0.000219212,12.953975,33.89595882
281,30214.1,0.98354,3.78097,1.11194,0.88526,0.82128,0.87608,0.51567,1.2362,4.36047,1.14682,0.000208169,0.000208169,0.000208169,12.82543,33.85065725
282,30305.4,1.00631,3.67829,1.10292,0.88997,0.81462,0.87282,0.51357,1.23638,4.35652,1.14607,0.000197658,0.000197658,0.000197658,12.879995,33.82026649
283,30395.8,0.99169,3.71317,1.09786,0.8838,0.81911,0.87347,0.51529,1.23519,4.35297,1.14583,0.000187678,0.000187678,0.000187678,12.797635,33.79338652
284,30487.1,0.98576,3.69437,1.11365,0.88115,0.82368,0.87151,0.51574,1.23545,4.34839,1.14616,0.000178232,0.000178232,0.000178232,12.758045,33.75935235
285,30580.5,0.99546,3.7259,1.10216,0.88144,0.82643,0.87302,0.51462,1.23501,4.34408,1.14538,0.00016932,0.00016932,0.00016932,12.84509,33.72623398
286,30673,0.99842,3.77691,1.10377,0.8816,0.83003,0.87476,0.51694,1.23521,4.34547,1.14544,0.000160943,0.000160943,0.000160943,12.920715,33.73670641
287,30765.1,1.00175,3.70464,1.1077,0.88325,0.82929,0.87483,0.518,1.23501,4.34104,1.14477,0.000153102,0.000153102,0.000153102,12.879315,33.70279965
288,30856.2,1.0027,3.76541,1.11272,0.88428,0.83013,0.87673,0.51779,1.23457,4.33715,1.14477,0.000145798,0.000145798,0.000145798,12.95474,33.6736137
289,30946.4,0.9773,3.71477,1.09841,0.88326,0.83059,0.877,0.51895,1.23449,4.33676,1.14436,0.000139032,0.000139032,0.000139032,12.692135,33.67026855
290,31040,0.99408,3.64386,1.10057,0.8816,0.83133,0.8773,0.51765,1.23389,4.33281,1.14437,0.000132805,0.000132805,0.000132805,12.750315,33.64064421
291,31132.2,0.98931,3.65192,1.10239,0.88051,0.825,0.87495,0.51713,1.2337,4.33537,1.14413,0.000127117,0.000127117,0.000127117,12.72533,33.65959568
292,31224.3,0.99841,3.70112,1.10616,0.8839,0.82965,0.88486,0.51918,1.23369,4.33004,1.14402,0.000121968,0.000121968,0.000121968,12.848435,33.61950295
293,31314.5,0.98511,3.69327,1.12025,0.88006,0.83564,0.88477,0.51935,1.23293,4.32857,1.14366,0.00011736,0.00011736,0.00011736,12.76197,33.60811104
294,31405.8,0.98699,3.65928,1.10725,0.87949,0.83394,0.88289,0.51959,1.23184,4.32985,1.14323,0.000113293,0.000113293,0.000113293,12.72258,33.61727494
295,31498.8,0.98891,3.72721,1.10664,0.88082,0.83659,0.88367,0.51823,1.23196,4.32568,1.14338,0.000109768,0.000109768,0.000109768,12.803995,33.58614465
296,31592.3,0.99077,3.72937,1.11281,0.88005,0.82824,0.88223,0.51794,1.23286,4.32771,1.14371,0.000106784,0.000106784,0.000106784,12.82936,33.60169518
297,31685.3,0.99226,3.88472,1.10591,0.87149,0.83482,0.88059,0.51893,1.23332,4.32339,1.14361,0.000104342,0.000104342,0.000104342,12.985535,33.56919151
298,31778.6,0.98944,3.69872,1.11088,0.8678,0.83991,0.88012,0.51949,1.23363,4.32634,1.14405,0.000102443,0.000102443,0.000102443,12.78584,33.59175366
299,31872.1,0.99113,3.71015,1.1128,0.86753,0.83959,0.88175,0.51868,1.2331,4.32361,1.14425,0.000101086,0.000101086,0.000101086,12.812825,33.57147663
300,31965.4,0.97427,3.67856,1.09526,0.86545,0.83743,0.88082,0.51849,1.23265,4.32223,1.14384,0.000100271,0.000100271,0.000100271,12.628475,33.56071541
